-- phpMyAdmin SQL Dump
-- version 5.1.1
-- https://www.phpmyadmin.net/
--
-- Host: 127.0.0.1
-- Generation Time: Apr 28, 2022 at 06:16 PM
-- Server version: 10.4.22-MariaDB
-- PHP Version: 8.1.1

SET SQL_MODE = "NO_AUTO_VALUE_ON_ZERO";
START TRANSACTION;
SET time_zone = "+00:00";


/*!40101 SET @OLD_CHARACTER_SET_CLIENT=@@CHARACTER_SET_CLIENT */;
/*!40101 SET @OLD_CHARACTER_SET_RESULTS=@@CHARACTER_SET_RESULTS */;
/*!40101 SET @OLD_COLLATION_CONNECTION=@@COLLATION_CONNECTION */;
/*!40101 SET NAMES utf8mb4 */;

--
-- Database: `prak_dpbo_3`
--

-- --------------------------------------------------------

--
-- Table structure for table `author`
--

CREATE TABLE `author` (
  `id_author` int(11) NOT NULL,
  `nama` varchar(100) NOT NULL,
  `status` varchar(50) NOT NULL
) ENGINE=InnoDB DEFAULT CHARSET=latin1;

--
-- Dumping data for table `author`
--

INSERT INTO `author` (`id_author`, `nama`, `status`) VALUES
(1, 'Richard Adkins', 'Senior'),
(2, 'Pein Akatsuki', 'Senior'),
(4, 'Ken Northwood', 'Pendatang Baru'),
(5, 'ad', 'Pendatang Baru');

-- --------------------------------------------------------

--
-- Table structure for table `buku`
--

CREATE TABLE `buku` (
  `id_buku` int(11) NOT NULL,
  `judul_buku` varchar(100) NOT NULL,
  `penerbit` varchar(100) NOT NULL,
  `deskripsi` text NOT NULL,
  `status` varchar(50) NOT NULL,
  `id_author` int(11) NOT NULL
) ENGINE=InnoDB DEFAULT CHARSET=latin1;

--
-- Dumping data for table `buku`
--

INSERT INTO `buku` (`id_buku`, `judul_buku`, `penerbit`, `deskripsi`, `status`, `id_author`) VALUES
(1, 'Alan Wade', 'Premium #', 'Cerita dibalik cerita', 'Best Seller', 2),
(2, 'Awan', 'Akamedia', 'buku tentang cerita awan, hujan, langit', 'Best Seller', 1),
(4, 'Puisi Patrick Star', 'Patrick', 'mawar itu biru, violet itu merah', 'Best Seller', 2);

-- --------------------------------------------------------

--
-- Table structure for table `member`
--

CREATE TABLE `member` (
  `nim` varchar(50) CHARACTER SET utf8mb4 NOT NULL,
  `nama` varchar(100) NOT NULL,
  `jurusan` varchar(100) NOT NULL
) ENGINE=InnoDB DEFAULT CHARSET=latin1;

--
-- Dumping data for table `member`
--

INSERT INTO `member` (`nim`, `nama`, `jurusan`) VALUES
('2003941', 'Novaldi Sandi Ago', 'Computer Science'),
('3123122', 'Sakurajima Mai', 'Modeling'),
('5464732', 'Futaba Rio', 'Chemical Scientist');

-- --------------------------------------------------------

--
-- Table structure for table `peminjaman`
--

CREATE TABLE `peminjaman` (
  `id` int(11) NOT NULL,
  `id_buku` int(11) NOT NULL,
  `status` varchar(10) NOT NULL,
  `id_member` varchar(50) NOT NULL
) ENGINE=InnoDB DEFAULT CHARSET=utf8mb4;

--
-- Dumping data for table `peminjaman`
--

INSERT INTO `peminjaman` (`id`, `id_buku`, `status`, `id_member`) VALUES
(5, 1, 'Belum', '2003941'),
(6, 4, 'Belum', '2003941'),
(7, 2, 'Sudah', '3123122'),
(8, 4, 'Belum', '3123122');

--
-- Indexes for dumped tables
--

--
-- Indexes for table `author`
--
ALTER TABLE `author`
  ADD PRIMARY KEY (`id_author`);

--
-- Indexes for table `buku`
--
ALTER TABLE `buku`
  ADD PRIMARY KEY (`id_buku`),
  ADD KEY `id_author` (`id_author`);

--
-- Indexes for table `member`
--
ALTER TABLE `member`
  ADD PRIMARY KEY (`nim`);

--
-- Indexes for table `peminjaman`
--
ALTER TABLE `peminjaman`
  ADD PRIMARY KEY (`id`),
  ADD KEY `id_buku` (`id_buku`),
  ADD KEY `id_member` (`id_member`);

--
-- AUTO_INCREMENT for dumped tables
--

--
-- AUTO_INCREMENT for table `author`
--
ALTER TABLE `author`
  MODIFY `id_author` int(11) NOT NULL AUTO_INCREMENT, AUTO_INCREMENT=6;

--
-- AUTO_INCREMENT for table `buku`
--
ALTER TABLE `buku`
  MODIFY `id_buku` int(11) NOT NULL AUTO_INCREMENT, AUTO_INCREMENT=5;

--
-- AUTO_INCREMENT for table `peminjaman`
--
ALTER TABLE `peminjaman`
  MODIFY `id` int(11) NOT NULL AUTO_INCREMENT, AUTO_INCREMENT=9;

--
-- Constraints for dumped tables
--

--
-- Constraints for table `buku`
--
ALTER TABLE `buku`
  ADD CONSTRAINT `buku_ibfk_1` FOREIGN KEY (`id_author`) REFERENCES `author` (`id_author`) ON DELETE CASCADE ON UPDATE CASCADE;

--
-- Constraints for table `peminjaman`
--
ALTER TABLE `peminjaman`
  ADD CONSTRAINT `peminjaman_ibfk_1` FOREIGN KEY (`id_buku`) REFERENCES `buku` (`id_buku`) ON DELETE CASCADE ON UPDATE CASCADE,
  ADD CONSTRAINT `peminjaman_ibfk_2` FOREIGN KEY (`id_member`) REFERENCES `member` (`nim`) ON DELETE CASCADE ON UPDATE CASCADE;
COMMIT;

/*!40101 SET CHARACTER_SET_CLIENT=@OLD_CHARACTER_SET_CLIENT */;
/*!40101 SET CHARACTER_SET_RESULTS=@OLD_CHARACTER_SET_RESULTS */;
/*!40101 SET COLLATION_CONNECTION=@OLD_COLLATION_CONNECTION */;
